sku,images
0100023AM,https://s3-eu-west-1.amazonaws.com/skoo-cloud/dam/90_acd0730b9d974a0a/66d6f94299ced0.72708252.jpg;https://s3-eu-west-1.amazonaws.com/skoo-cloud/dam/90_acd0730b9d974a0a/66d6f943709410.98257256.jpg
0100024AM,https://s3-eu-west-1.amazonaws.com/skoo-cloud/dam/90_acd0730b9d974a0a/66d6f94415aa39.79418817.jpg;https://s3-eu-west-1.amazonaws.com/skoo-cloud/dam/90_acd0730b9d974a0a/66d6f94498cf85.35640585.jpg
01001031AM,https://s3-eu-west-1.amazonaws.com/skoo-cloud/dam/90_acd0730b9d974a0a/66d6f9450ba949.64956387.jpg;https://s3-eu-west-1.amazonaws.com/skoo-cloud/dam/90_acd0730b9d974a0a/66d6f9458c10f0.03448051.jpg
10100826,https://s3-eu-west-1.amazonaws.com/skoo-cloud/dam/90_acd0730b9d974a0a/6645c616759358.02187027.jpg;https://s3-eu-west-1.amazonaws.com/skoo-cloud/dam/90_acd0730b9d974a0a/6645c6172d5715.44346074.jpg
1017810101010L,https://s3-eu-west-1.amazonaws.com/skoo-cloud/dam/90_acd0730b9d974a0a/5f58b457c3bf53.15658021.jpg
1017810101010S,https://s3-eu-west-1.amazonaws.com/skoo-cloud/dam/90_acd0730b9d974a0a/5f58b457c3bf53.15658021.jpg
1017810101020L,https://s3-eu-west-1.amazonaws.com/skoo-cloud/dam/90_acd0730b9d974a0a/646dc59f555d75.61126004.jpg;https://s3-eu-west-1.amazonaws.com/skoo-cloud/dam/90_acd0730b9d974a0a/5f58b4597fa262.96497322.jpg
1017810101020S,https://s3-eu-west-1.amazonaws.com/skoo-cloud/dam/90_acd0730b9d974a0a/646dc59f555d75.61126004.jpg;https://s3-eu-west-1.amazonaws.com/skoo-cloud/dam/90_acd0730b9d974a0a/5f58b4597fa262.96497322.jpg
1017810101060L,https://s3-eu-west-1.amazonaws.com/skoo-cloud/dam/90_acd0730b9d974a0a/6346ea1b5d0d51.44988362.jpg
1017810101126L,https://s3-eu-west-1.amazonaws.com/skoo-cloud/dam/90_acd0730b9d974a0a/6346ea1bf0a5a1.23944211.jpg
1017810101126S,https://s3-eu-west-1.amazonaws.com/skoo-cloud/dam/90_acd0730b9d974a0a/6346ea1bf0a5a1.23944211.jpg
1.01796E+12,https://s3-eu-west-1.amazonaws.com/skoo-cloud/dam/90_acd0730b9d974a0a/66bb2794579d94.08657394.jpg
10199400410,https://s3-eu-west-1.amazonaws.com/skoo-cloud/dam/90_acd0730b9d974a0a/6037ae80421b20.16628723.jpg
1.01994E+12,https://s3-eu-west-1.amazonaws.com/skoo-cloud/dam/90_acd0730b9d974a0a/6037ae817fe7c5.50448729.jpg
1019940061030OS,https://s3-eu-west-1.amazonaws.com/skoo-cloud/dam/90_acd0730b9d974a0a/6037ae831b6d34.43531695.jpg
10199400830,https://s3-eu-west-1.amazonaws.com/skoo-cloud/dam/90_acd0730b9d974a0a/6037ae856fc041.40866062.jpg
10258100310,https://s3-eu-west-1.amazonaws.com/skoo-cloud/dam/90_acd0730b9d974a0a/5d88f0e1e1e890.01225996.jpg
1.02581E+12,https://s3-eu-west-1.amazonaws.com/skoo-cloud/dam/90_acd0730b9d974a0a/6037ae88358876.37156544.jpg
1.02581E+12,https://s3-eu-west-1.amazonaws.com/skoo-cloud/dam/90_acd0730b9d974a0a/65cdda91d78031.35288063.jpg
10281540,https://s3-eu-west-1.amazonaws.com/skoo-cloud/dam/90_acd0730b9d974a0a/5935870d66dd60.13745522.jpg
10282387.01,https://s3-eu-west-1.amazonaws.com/skoo-cloud/dam/90_acd0730b9d974a0a/615dc5975cbfa8.66696325.jpg
10282397.02,https://s3-eu-west-1.amazonaws.com/skoo-cloud/dam/90_acd0730b9d974a0a/6645c617e0c818.99305968.jpg;https://s3-eu-west-1.amazonaws.com/skoo-cloud/dam/90_acd0730b9d974a0a/6645c61871be25.81312279.jpg
10282440.02,https://s3-eu-west-1.amazonaws.com/skoo-cloud/dam/90_acd0730b9d974a0a/64f5f36a924244.41189601.jpg;https://s3-eu-west-1.amazonaws.com/skoo-cloud/dam/90_acd0730b9d974a0a/64f5f36b2c6d56.48662083.jpg
10282540.01,https://s3-eu-west-1.amazonaws.com/skoo-cloud/dam/90_acd0730b9d974a0a/669a31e1395c30.54244210.jpg
10283387.01,https://s3-eu-west-1.amazonaws.com/skoo-cloud/dam/90_acd0730b9d974a0a/5d282ff38773f1.06758596.jpg
10283440.01,https://s3-eu-west-1.amazonaws.com/skoo-cloud/dam/90_acd0730b9d974a0a/6645c5f9e3b472.13721952.jpg;https://s3-eu-west-1.amazonaws.com/skoo-cloud/dam/90_acd0730b9d974a0a/6645c5faa13908.18033381.jpg
10284440,https://s3-eu-west-1.amazonaws.com/skoo-cloud/dam/90_acd0730b9d974a0a/61c30aa1262dc6.48719454.jpg;https://s3-eu-west-1.amazonaws.com/skoo-cloud/dam/90_acd0730b9d974a0a/61c30a7f590d59.42348784.jpg
10285387.01,https://s3-eu-west-1.amazonaws.com/skoo-cloud/dam/90_acd0730b9d974a0a/5d282ff4acf7d0.30616273.jpg
1032720301020M,https://s3-eu-west-1.amazonaws.com/skoo-cloud/dam/90_acd0730b9d974a0a/593577fb84fc79.73378974.jpg
1032720301020S,https://s3-eu-west-1.amazonaws.com/skoo-cloud/dam/90_acd0730b9d974a0a/593577fb84fc79.73378974.jpg
1032720301060M,https://s3-eu-west-1.amazonaws.com/skoo-cloud/dam/90_acd0730b9d974a0a/6346ea1c71d0a9.28556445.jpg
1032720301060S,https://s3-eu-west-1.amazonaws.com/skoo-cloud/dam/90_acd0730b9d974a0a/6346ea1c71d0a9.28556445.jpg
1032720301126M,https://s3-eu-west-1.amazonaws.com/skoo-cloud/dam/90_acd0730b9d974a0a/5d28308a108cc8.63846666.jpg
1032720301126S,https://s3-eu-west-1.amazonaws.com/skoo-cloud/dam/90_acd0730b9d974a0a/5d28308a108cc8.63846666.jpg
1032720301855S,https://s3-eu-west-1.amazonaws.com/skoo-cloud/dam/90_acd0730b9d974a0a/61165504b388a3.96751656.jpg
1032720302010M,https://s3-eu-west-1.amazonaws.com/skoo-cloud/dam/90_acd0730b9d974a0a/593577fd0d7872.52514461.jpg
1032720302010S,https://s3-eu-west-1.amazonaws.com/skoo-cloud/dam/90_acd0730b9d974a0a/593577fd0d7872.52514461.jpg
1032720302010XL,https://s3-eu-west-1.amazonaws.com/skoo-cloud/dam/90_acd0730b9d974a0a/593577fd0d7872.52514461.jpg
1032720306940M,https://s3-eu-west-1.amazonaws.com/skoo-cloud/dam/90_acd0730b9d974a0a/61165505c4b606.03832103.jpg
1032720306940S,https://s3-eu-west-1.amazonaws.com/skoo-cloud/dam/90_acd0730b9d974a0a/61165505c4b606.03832103.jpg
10328100810102XL,https://s3-eu-west-1.amazonaws.com/skoo-cloud/dam/90_acd0730b9d974a0a/61165509e331d2.24080392.jpg
10328100810202XL,https://s3-eu-west-1.amazonaws.com/skoo-cloud/dam/90_acd0730b9d974a0a/59357803679548.41563594.jpg
1032810081020L,https://s3-eu-west-1.amazonaws.com/skoo-cloud/dam/90_acd0730b9d974a0a/59357803679548.41563594.jpg
1032810081020S,https://s3-eu-west-1.amazonaws.com/skoo-cloud/dam/90_acd0730b9d974a0a/59357803679548.41563594.jpg
1032810081126L,https://s3-eu-west-1.amazonaws.com/skoo-cloud/dam/90_acd0730b9d974a0a/6116550b3cc898.93362937.jpg
1032810081751L,https://s3-eu-west-1.amazonaws.com/skoo-cloud/dam/90_acd0730b9d974a0a/59357804c9d534.65688483.jpg
1035810151020L,https://s3-eu-west-1.amazonaws.com/skoo-cloud/dam/90_acd0730b9d974a0a/5f58b45ee6f5a4.57635526.jpg
1035810151020S,https://s3-eu-west-1.amazonaws.com/skoo-cloud/dam/90_acd0730b9d974a0a/5f58b45ee6f5a4.57635526.jpg
1035810151810L,https://s3-eu-west-1.amazonaws.com/skoo-cloud/dam/90_acd0730b9d974a0a/637cba247ff389.00698601.jpg
1035810151810S,https://s3-eu-west-1.amazonaws.com/skoo-cloud/dam/90_acd0730b9d974a0a/637cba247ff389.00698601.jpg
10368102310,https://s3-eu-west-1.amazonaws.com/skoo-cloud/dam/90_acd0730b9d974a0a/59c9fd1434e2f2.97917971.jpg
10378150410,https://s3-eu-west-1.amazonaws.com/skoo-cloud/dam/90_acd0730b9d974a0a/59c9fd18c18521.86625828.jpg
1.03782E+11,https://s3-eu-west-1.amazonaws.com/skoo-cloud/dam/90_acd0730b9d974a0a/65cdda906a7cb1.78656057.jpg
1038530521020L,https://s3-eu-west-1.amazonaws.com/skoo-cloud/dam/90_acd0730b9d974a0a/5d15c1b57c8333.00364914.jpg
1038530521020M,https://s3-eu-west-1.amazonaws.com/skoo-cloud/dam/90_acd0730b9d974a0a/5d15c1b57c8333.00364914.jpg
1038530521020S,https://s3-eu-west-1.amazonaws.com/skoo-cloud/dam/90_acd0730b9d974a0a/5d15c1b57c8333.00364914.jpg
1038530521020XL,https://s3-eu-west-1.amazonaws.com/skoo-cloud/dam/90_acd0730b9d974a0a/5d15c1b57c8333.00364914.jpg
1038530521020XXL,https://s3-eu-west-1.amazonaws.com/skoo-cloud/dam/90_acd0730b9d974a0a/5d15c1b57c8333.00364914.jpg
1038530527020S,https://s3-eu-west-1.amazonaws.com/skoo-cloud/dam/90_acd0730b9d974a0a/633ed8e97180f5.71333746.jpg
1039810051020L,https://s3-eu-west-1.amazonaws.com/skoo-cloud/dam/90_acd0730b9d974a0a/59357814295179.52806538.jpg
1039810051020S,https://s3-eu-west-1.amazonaws.com/skoo-cloud/dam/90_acd0730b9d974a0a/59357814295179.52806538.jpg
103981005110L,https://s3-eu-west-1.amazonaws.com/skoo-cloud/dam/90_acd0730b9d974a0a/5c8b91a1b09d07.36954950.jpg
103981005110S,https://s3-eu-west-1.amazonaws.com/skoo-cloud/dam/90_acd0730b9d974a0a/5c8b91a1b09d07.36954950.jpg
10398100570502XL,https://s3-eu-west-1.amazonaws.com/skoo-cloud/dam/90_acd0730b9d974a0a/633ed833c1b965.73667312.jpg
1039810057050L,https://s3-eu-west-1.amazonaws.com/skoo-cloud/dam/90_acd0730b9d974a0a/633ed833c1b965.73667312.jpg
1039810057050S,https://s3-eu-west-1.amazonaws.com/skoo-cloud/dam/90_acd0730b9d974a0a/633ed833c1b965.73667312.jpg
10400030,https://s3-eu-west-1.amazonaws.com/skoo-cloud/dam/90_acd0730b9d974a0a/5c8b910e0b3920.06338934.jpg
10400050,https://s3-eu-west-1.amazonaws.com/skoo-cloud/dam/90_acd0730b9d974a0a/61c3082bca4b85.92925995.jpg
10400073,https://s3-eu-west-1.amazonaws.com/skoo-cloud/dam/90_acd0730b9d974a0a/6266bb5685e649.82274383.jpg
10400083,https://s3-eu-west-1.amazonaws.com/skoo-cloud/dam/90_acd0730b9d974a0a/5cc943a9773268.45201427.jpg
10400153,https://s3-eu-west-1.amazonaws.com/skoo-cloud/dam/90_acd0730b9d974a0a/593587134cb537.63168014.jpg
10400193.01,https://s3-eu-west-1.amazonaws.com/skoo-cloud/dam/90_acd0730b9d974a0a/6266bb56e37a46.57487281.jpg
10400243,https://s3-eu-west-1.amazonaws.com/skoo-cloud/dam/90_acd0730b9d974a0a/64a43d533bf974.47769911.jpg;https://s3-eu-west-1.amazonaws.com/skoo-cloud/dam/90_acd0730b9d974a0a/64a43d54129395.52014840.jpg;https://s3-eu-west-1.amazonaws.com/skoo-cloud/dam/90_acd0730b9d974a0a/64a43d549b2696.69716912.jpg;https://s3-eu-west-1.amazonaws.com/skoo-cloud/dam/90_acd0730b9d974a0a/64a43d550e20f7.08975107.jpg
10400253,https://s3-eu-west-1.amazonaws.com/skoo-cloud/dam/90_acd0730b9d974a0a/64a43d55970f31.40440561.jpg;https://s3-eu-west-1.amazonaws.com/skoo-cloud/dam/90_acd0730b9d974a0a/64a43d56601c22.75294778.jpg;https://s3-eu-west-1.amazonaws.com/skoo-cloud/dam/90_acd0730b9d974a0a/64a43d56d1c2a0.23234642.jpg;https://s3-eu-west-1.amazonaws.com/skoo-cloud/dam/90_acd0730b9d974a0a/64a43d57491a02.53981829.jpg
10400263,https://s3-eu-west-1.amazonaws.com/skoo-cloud/dam/90_acd0730b9d974a0a/64a43d57dece00.17910569.jpg;https://s3-eu-west-1.amazonaws.com/skoo-cloud/dam/90_acd0730b9d974a0a/64a43d5946be60.85274843.jpg;https://s3-eu-west-1.amazonaws.com/skoo-cloud/dam/90_acd0730b9d974a0a/64a43d59d89134.48595143.jpg;https://s3-eu-west-1.amazonaws.com/skoo-cloud/dam/90_acd0730b9d974a0a/64a43d5a66bd24.20882252.jpg
10400323,https://s3-eu-west-1.amazonaws.com/skoo-cloud/dam/90_acd0730b9d974a0a/61c309aad64065.95629299.jpg
10400383,https://s3-eu-west-1.amazonaws.com/skoo-cloud/dam/90_acd0730b9d974a0a/64a43d5b0e6804.17014704.jpg;https://s3-eu-west-1.amazonaws.com/skoo-cloud/dam/90_acd0730b9d974a0a/64a43d5bc30b25.65771575.jpg;https://s3-eu-west-1.amazonaws.com/skoo-cloud/dam/90_acd0730b9d974a0a/64a43d5c4e1c77.07033610.jpg;https://s3-eu-west-1.amazonaws.com/skoo-cloud/dam/90_acd0730b9d974a0a/64a43d5cdef9b2.80503460.jpg
10400413,https://s3-eu-west-1.amazonaws.com/skoo-cloud/dam/90_acd0730b9d974a0a/64a43d5d79d385.38763290.jpg;https://s3-eu-west-1.amazonaws.com/skoo-cloud/dam/90_acd0730b9d974a0a/64a43d5e0526b2.35682610.jpg;https://s3-eu-west-1.amazonaws.com/skoo-cloud/dam/90_acd0730b9d974a0a/64a43d5e803732.19298731.jpg;https://s3-eu-west-1.amazonaws.com/skoo-cloud/dam/90_acd0730b9d974a0a/64a43d5f11b574.07509361.jpg
10400423,https://s3-eu-west-1.amazonaws.com/skoo-cloud/dam/90_acd0730b9d974a0a/64a43d5f9f0b14.14111967.jpg;https://s3-eu-west-1.amazonaws.com/skoo-cloud/dam/90_acd0730b9d974a0a/64a43d471b1f18.51354860.jpg;https://s3-eu-west-1.amazonaws.com/skoo-cloud/dam/90_acd0730b9d974a0a/64a43d47977225.27508004.jpg;https://s3-eu-west-1.amazonaws.com/skoo-cloud/dam/90_acd0730b9d974a0a/64a43d482ae5b0.26579122.jpg
10405310,https://s3-eu-west-1.amazonaws.com/skoo-cloud/dam/90_acd0730b9d974a0a/593587156180d1.18464580.jpg
10405313,https://s3-eu-west-1.amazonaws.com/skoo-cloud/dam/90_acd0730b9d974a0a/5a5f42a78db342.47270294.jpg
10405320.01,https://s3-eu-west-1.amazonaws.com/skoo-cloud/dam/90_acd0730b9d974a0a/635bee746a6b45.19214356.jpg;https://s3-eu-west-1.amazonaws.com/skoo-cloud/dam/90_acd0730b9d974a0a/635bee7aceeaa3.24559818.jpg
10407310,https://s3-eu-west-1.amazonaws.com/skoo-cloud/dam/90_acd0730b9d974a0a/61c309bd83d732.98060641.jpg
10407313,https://s3-eu-west-1.amazonaws.com/skoo-cloud/dam/90_acd0730b9d974a0a/5a05e364b57c08.42431000.jpg
10407510,https://s3-eu-west-1.amazonaws.com/skoo-cloud/dam/90_acd0730b9d974a0a/61c309c39352d2.96550501.jpg
10409310,https://s3-eu-west-1.amazonaws.com/skoo-cloud/dam/90_acd0730b9d974a0a/61c309c9acf090.87758105.jpg
10409313,https://s3-eu-west-1.amazonaws.com/skoo-cloud/dam/90_acd0730b9d974a0a/61c309cfc51e92.96941601.jpg
10410310,https://s3-eu-west-1.amazonaws.com/skoo-cloud/dam/90_acd0730b9d974a0a/61c309d5da52b3.66203102.jpg
10410313,https://s3-eu-west-1.amazonaws.com/skoo-cloud/dam/90_acd0730b9d974a0a/5a05e36aad8fb8.59953202.jpg
10412310,https://s3-eu-west-1.amazonaws.com/skoo-cloud/dam/90_acd0730b9d974a0a/61c309dbf3e5e1.05032282.jpg
10412313,https://s3-eu-west-1.amazonaws.com/skoo-cloud/dam/90_acd0730b9d974a0a/5a05e36dac8835.13606276.jpg
10413310,https://s3-eu-west-1.amazonaws.com/skoo-cloud/dam/90_acd0730b9d974a0a/61c309e212faa3.54359504.jpg
10413313,https://s3-eu-west-1.amazonaws.com/skoo-cloud/dam/90_acd0730b9d974a0a/5a05e3705ed4b5.68093132.jpg
10414393,https://s3-eu-west-1.amazonaws.com/skoo-cloud/dam/90_acd0730b9d974a0a/5af299b2be9984.94581999.jpg
10415310,https://s3-eu-west-1.amazonaws.com/skoo-cloud/dam/90_acd0730b9d974a0a/5a05e371f2a9b0.07020992.jpg
10415313,https://s3-eu-west-1.amazonaws.com/skoo-cloud/dam/90_acd0730b9d974a0a/5a05e3739311a9.31319745.jpg
10416310,https://s3-eu-west-1.amazonaws.com/skoo-cloud/dam/90_acd0730b9d974a0a/61c309ef0e2704.12695465.jpg
10416313,https://s3-eu-west-1.amazonaws.com/skoo-cloud/dam/90_acd0730b9d974a0a/5a05e377bbb6e1.94775677.jpg
10417310,https://s3-eu-west-1.amazonaws.com/skoo-cloud/dam/90_acd0730b9d974a0a/61c309f5257750.26351409.jpg
10418343,https://s3-eu-west-1.amazonaws.com/skoo-cloud/dam/90_acd0730b9d974a0a/5af299b4022258.99145279.jpg
10419213,https://s3-eu-west-1.amazonaws.com/skoo-cloud/dam/90_acd0730b9d974a0a/5af299b55aacf8.50003930.jpg
10419240,https://s3-eu-west-1.amazonaws.com/skoo-cloud/dam/90_acd0730b9d974a0a/61c309fb3e0a16.38139706.jpg;https://s3-eu-west-1.amazonaws.com/skoo-cloud/dam/90_acd0730b9d974a0a/5a05e37dc4f1a2.11101305.jpg
10419310,https://s3-eu-west-1.amazonaws.com/skoo-cloud/dam/90_acd0730b9d974a0a/5a05e37f32aef0.11593862.jpg
10419313,https://s3-eu-west-1.amazonaws.com/skoo-cloud/dam/90_acd0730b9d974a0a/5c8b910e9dd528.79694801.jpg;https://s3-eu-west-1.amazonaws.com/skoo-cloud/dam/90_acd0730b9d974a0a/5d88f06a72ec37.88491339.jpg
10420740,https://s3-eu-west-1.amazonaws.com/skoo-cloud/dam/90_acd0730b9d974a0a/61c30a015d4551.33253629.jpg
10421310,https://s3-eu-west-1.amazonaws.com/skoo-cloud/dam/90_acd0730b9d974a0a/5a05e381c977b3.04654440.jpg
10421313,https://s3-eu-west-1.amazonaws.com/skoo-cloud/dam/90_acd0730b9d974a0a/5af299b6301af4.94008419.jpg
10422213,https://s3-eu-west-1.amazonaws.com/skoo-cloud/dam/90_acd0730b9d974a0a/58dd0891bd2ad8.77849322.jpg
10423223,https://s3-eu-west-1.amazonaws.com/skoo-cloud/dam/90_acd0730b9d974a0a/5c8b910f286d60.44314966.jpg
10423340,https://s3-eu-west-1.amazonaws.com/skoo-cloud/dam/90_acd0730b9d974a0a/61c30a0764d1e3.73918736.jpg
10423343,https://s3-eu-west-1.amazonaws.com/skoo-cloud/dam/90_acd0730b9d974a0a/5a05e3848a9700.49184140.jpg
10423611,https://s3-eu-west-1.amazonaws.com/skoo-cloud/dam/90_acd0730b9d974a0a/5a05e3860f4212.43968551.jpg
10424340,https://s3-eu-west-1.amazonaws.com/skoo-cloud/dam/90_acd0730b9d974a0a/61c30a0d729e20.77324032.jpg
10424343,https://s3-eu-west-1.amazonaws.com/skoo-cloud/dam/90_acd0730b9d974a0a/59358716711a79.58551530.jpg
10425340,https://s3-eu-west-1.amazonaws.com/skoo-cloud/dam/90_acd0730b9d974a0a/5935871738e1d0.91127099.jpg
10425343,https://s3-eu-west-1.amazonaws.com/skoo-cloud/dam/90_acd0730b9d974a0a/59358718018024.30749696.jpg
10425363,https://s3-eu-west-1.amazonaws.com/skoo-cloud/dam/90_acd0730b9d974a0a/5a05e387a71851.77406902.jpg
10425740,https://s3-eu-west-1.amazonaws.com/skoo-cloud/dam/90_acd0730b9d974a0a/5a05e388f0c9e7.15975221.jpg
10426343,https://s3-eu-west-1.amazonaws.com/skoo-cloud/dam/90_acd0730b9d974a0a/5a05e38a9b9384.82959564.jpg
10426363,https://s3-eu-west-1.amazonaws.com/skoo-cloud/dam/90_acd0730b9d974a0a/5a05e38c03b9b9.07454771.jpg
10426383,https://s3-eu-west-1.amazonaws.com/skoo-cloud/dam/90_acd0730b9d974a0a/5a05e38da49e24.36548996.jpg
10427343,https://s3-eu-west-1.amazonaws.com/skoo-cloud/dam/90_acd0730b9d974a0a/5a05e38f1abd59.60822432.jpg
10427363,https://s3-eu-west-1.amazonaws.com/skoo-cloud/dam/90_acd0730b9d974a0a/5a05e390606435.53820617.jpg
10429311,https://s3-eu-west-1.amazonaws.com/skoo-cloud/dam/90_acd0730b9d974a0a/59358718c59a95.91519954.jpg
10429340,https://s3-eu-west-1.amazonaws.com/skoo-cloud/dam/90_acd0730b9d974a0a/61c30a13970407.59067452.jpg
10429343,https://s3-eu-west-1.amazonaws.com/skoo-cloud/dam/90_acd0730b9d974a0a/5a05e393059a35.60637364.jpg
10429363,https://s3-eu-west-1.amazonaws.com/skoo-cloud/dam/90_acd0730b9d974a0a/5a05e394a691c9.62699812.jpg
10430340,https://s3-eu-west-1.amazonaws.com/skoo-cloud/dam/90_acd0730b9d974a0a/61c30a19ac6852.90102742.jpg
10430343,https://s3-eu-west-1.amazonaws.com/skoo-cloud/dam/90_acd0730b9d974a0a/59358719847410.76287057.jpg
10431343,https://s3-eu-west-1.amazonaws.com/skoo-cloud/dam/90_acd0730b9d974a0a/5d88efcdf16cb6.95643884.jpg
10431363,https://s3-eu-west-1.amazonaws.com/skoo-cloud/dam/90_acd0730b9d974a0a/66c852c0700009.77328794.jpg;https://s3-eu-west-1.amazonaws.com/skoo-cloud/dam/90_acd0730b9d974a0a/66c852c0e7fb52.65299532.jpg
10432340,https://s3-eu-west-1.amazonaws.com/skoo-cloud/dam/90_acd0730b9d974a0a/61c30832023706.86575554.jpg
10432343,https://s3-eu-west-1.amazonaws.com/skoo-cloud/dam/90_acd0730b9d974a0a/5935871b6151b7.57868840.jpg
10461173,https://s3-eu-west-1.amazonaws.com/skoo-cloud/dam/90_acd0730b9d974a0a/64a43d48bad752.14647289.jpg;https://s3-eu-west-1.amazonaws.com/skoo-cloud/dam/90_acd0730b9d974a0a/64a43d495590c6.60885314.jpg;https://s3-eu-west-1.amazonaws.com/skoo-cloud/dam/90_acd0730b9d974a0a/64a43d49dded23.54722468.jpg;https://s3-eu-west-1.amazonaws.com/skoo-cloud/dam/90_acd0730b9d974a0a/64a43d4a8d63f0.06929700.jpg
10461373,https://s3-eu-west-1.amazonaws.com/skoo-cloud/dam/90_acd0730b9d974a0a/64a43d4b2d5c01.75580503.jpg;https://s3-eu-west-1.amazonaws.com/skoo-cloud/dam/90_acd0730b9d974a0a/64a43d4bb92353.38736517.jpg;https://s3-eu-west-1.amazonaws.com/skoo-cloud/dam/90_acd0730b9d974a0a/64a43d4c43b6c3.43246168.jpg;https://s3-eu-west-1.amazonaws.com/skoo-cloud/dam/90_acd0730b9d974a0a/64a43d4cabd2e4.53896671.jpg
10461383,https://s3-eu-west-1.amazonaws.com/skoo-cloud/dam/90_acd0730b9d974a0a/61c30a1cdf7f34.59741850.jpg
10461393,https://s3-eu-west-1.amazonaws.com/skoo-cloud/dam/90_acd0730b9d974a0a/61c30a20155391.09073058.jpg
10461403,https://s3-eu-west-1.amazonaws.com/skoo-cloud/dam/90_acd0730b9d974a0a/61c30a233f80a2.11520301.jpg
10461413,https://s3-eu-west-1.amazonaws.com/skoo-cloud/dam/90_acd0730b9d974a0a/61c30a26d4cf28.06487322.jpg